first_name,last_name,hba1c_start,hba1c_end,hba1c_change,medicine_name,trial_dosage
Veronika,Jindrov,7.63,7.2,0.4299999999999997,auralin,41u - 48u
Elliot,Richardson,7.56,7.09,0.4699999999999997,novodra,40u - 45u
Yukitaka,Takenaka,7.68,7.25,0.4299999999999997,novodra,39u - 36u
Skye,Gormanston,7.97,7.62,0.3499999999999996,auralin,33u - 36u
Alissa,Montez,7.78,7.46,0.3200000000000003,novodra,33u - 29u
Jasmine,Sykes,7.56,7.18,0.3799999999999999,novodra,42u - 44u
Sophia,Haugen,7.65,7.27,0.3800000000000008,auralin,37u - 42u
Eddie,Archer,7.89,7.55,0.3399999999999998,auralin,31u - 38u
Saber,Mnard,8.08,7.7,0.3799999999999999,novodra,54u - 54u
Asia,Woniak,7.76,7.37,0.3899999999999997,auralin,30u - 36u
Joseph,Day,7.7,7.19,0.5099999999999998,auralin,29u - 36u
Kristiina,Hyypi,7.87,7.49,0.3799999999999999,novodra,36u - 38u
Roxanne,Andreyeva,9.54,9.14,0.3999999999999986,auralin,29u - 38u
Gregor,Bole,7.61,7.16,0.4500000000000002,novodra,47u - 45u
Simone,Baumgaertner,7.74,7.3,0.4400000000000004,auralin,27u - 37u
Enco,ibrik,7.78,7.34,0.4400000000000004,auralin,55u - 68u
Camilla,Zaitseva,7.53,7.13,0.4000000000000003,auralin,28u - 37u
Gina,Cain,7.88,7.4,0.4799999999999995,novodra,36u - 36u
Addolorata,Lombardi,7.75,7.33,0.4199999999999999,novodra,49u - 46u
Khalid,Johnsrud,8.35,7.94,0.4099999999999992,novodra,54u - 54u
Mile,Stani,7.66,7.24,0.4199999999999999,novodra,47u - 48u
Tekla,Walczak,7.61,7.29,0.3200000000000003,auralin,29u - 39u
Brancaleone,Russo,8.61,8.18,0.4299999999999997,auralin,53u - 60u
Chiemela,Tobeolisa,7.59,7.17,0.4199999999999999,novodra,43u - 47u
Isac,Berg,9.68,9.29,0.3900000000000005,auralin,31u - 41u
Benot,Bonami,9.82,9.4,0.4199999999999999,novodra,44u - 43u
Suhaim,Rahal,7.94,7.5,0.4400000000000004,novodra,49u - 47u
Mizuki,Iwata,7.7,7.23,0.4699999999999997,novodra,45u - 46u
Clinton,Miller,7.79,7.4,0.3899999999999997,auralin,42u - 51u
Eugene,Mironov,7.81,7.48,0.3299999999999992,auralin,42u - 49u
Szilveszter,Totth,7.7,7.38,0.3200000000000003,auralin,35u - 39u
Bao,She,9.09,8.62,0.4700000000000006,novodra,48u - 45u
Laura,Ehrlichmann,7.95,7.46,0.4900000000000002,novodra,43u - 40u
Cannan,Cabrera,7.94,7.58,0.3600000000000003,novodra,40u - 31u
Alexander,Mathiesen,7.96,7.55,0.4100000000000001,auralin,47u - 58u
Csaba,Sgi,7.88,7.48,0.3999999999999994,novodra,35u - 29u
Ch,Lm,7.68,7.24,0.4399999999999995,auralin,45u - 48u
Wadysaw,Wieczorek,7.92,7.47,0.4500000000000002,auralin,24u - 37u
Kristjn,Ingason,7.92,7.57,0.3499999999999996,auralin,44u - 55u
Krisztina,Magyar,7.52,7.01,0.5099999999999998,novodra,32u - 27u
sta,Grmsdttir,7.62,7.16,0.4599999999999999,novodra,29u - 30u
Mahmud,Kadyrov,7.53,7.11,0.4199999999999999,novodra,44u - 43u
Marija,Grubii,7.53,7.15,0.3799999999999999,auralin,37u - 43u
Jens,Poulsen,7.55,7.16,0.3899999999999997,novodra,36u - 32u
Sauli,Koivuniemi,7.67,7.37,0.2999999999999998,auralin,43u - 47u
Zdenk,Synek,7.67,7.32,0.3499999999999996,novodra,31u - 31u
Mariana,Souza,7.86,7.51,0.3500000000000005,auralin,36u - 42u
Jad Allah,Gaber,7.97,7.52,0.4500000000000002,novodra,38u - 41u
Zak,Kelly,7.66,7.26,0.4000000000000003,novodra,38u - 38u
Jackson,Addison,7.99,7.51,0.4800000000000004,novodra,42u - 42u
Albinca,Komavec,7.89,7.46,0.4299999999999997,novodra,41u - 39u
Kristoffer,Martinsen,9.18,8.64,0.5399999999999991,auralin,29u - 37u
M,Quynh,7.61,7.16,0.4500000000000002,auralin,57u - 64u
Nasser,Mansour,7.51,7.06,0.4500000000000002,novodra,33u - 31u
Oles,Zhdanov,7.52,7.11,0.4099999999999992,auralin,54u - 67u
Triana,Terrazas,7.71,7.34,0.3700000000000001,auralin,34u - 42u
Juliusz,Majewski,7.78,7.31,0.4700000000000006,novodra,41u - 39u
Klementyna,Sokoowska,7.98,7.53,0.4500000000000002,novodra,42u - 41u
Gabry,Tomaszewski,7.87,7.47,0.4000000000000003,auralin,29u - 37u
Leixandre,Alanis,7.74,7.32,0.4199999999999999,auralin,61u - 67u
Onyekachukwu,Obinna,7.58,7.12,0.4599999999999999,auralin,37u - 46u
Mijndert,Ouwendijk,7.81,7.5,0.3099999999999996,auralin,30u - 39u
Hanka,Gegi,7.67,7.29,0.3799999999999999,novodra,19u - 27u
Coralie,Allaire,7.63,7.3,0.33,auralin,39u - 46u
Cumeln,Miramontes,7.71,7.33,0.3799999999999999,auralin,24u - 32u
Elisabeth,Dimmen,7.6,7.28,0.3199999999999994,novodra,41u - 36u
Louise,Johnson,7.63,7.32,0.3099999999999996,auralin,32u - 42u
Joe,Edwards,9.35,8.89,0.4599999999999991,novodra,36u - 37u
Fatimah,Kinfe,7.88,7.56,0.3200000000000003,novodra,43u - 42u
Ivan,Fomin,9.12,8.73,0.3899999999999988,auralin,25u - 32u
Tosh,Jensen,7.93,7.69,0.2399999999999993,novodra,51u - 48u
Hugo,Collins,8.0,7.53,0.4699999999999997,novodra,53u - 55u
Gabrielle,Bidwill,7.76,7.37,0.3899999999999997,novodra,44u - 49u
Mette,Sandgreen,7.56,7.08,0.4799999999999995,auralin,36u - 46u
Ole,Petersen,7.95,7.55,0.4000000000000003,novodra,29u - 32u
Mackenzie,Mckay,9.87,9.48,0.3899999999999988,novodra,44u - 43u
Noriyuki,Sakai,7.58,7.16,0.4199999999999999,novodra,32u - 31u
Placido,Udinesi,7.91,7.49,0.4199999999999999,novodra,38u - 41u
Julia,Werner,7.58,7.24,0.3399999999999998,auralin,35u - 40u
Avdei,Tikhonov,7.77,7.27,0.5,auralin,27u - 36u
Hideki,Haraguchi,7.59,7.05,0.54,novodra,37u - 35u
Robert,Wagner,9.84,9.52,0.3200000000000003,auralin,43u - 49u
Maya,Isaksson,7.66,7.17,0.4900000000000002,auralin,33u - 41u
Else,Andersen,7.98,7.6,0.3800000000000008,novodra,36u - 38u
Furuta,Osman,7.52,7.18,0.3399999999999998,auralin,30u - 41u
Nilton,Quintanilla,7.86,7.48,0.3799999999999999,auralin,42u - 49u
Ananas,Enrquez,7.58,7.07,0.5099999999999998,novodra,44u - 45u
Finley,Chandler,7.65,7.26,0.3900000000000005,auralin,31u - 45u
Yumena,Nakayama,7.76,7.35,0.4100000000000001,novodra,34u - 32u
Stefanie,Herman,7.72,7.3,0.4199999999999999,auralin,44u - 55u
Karen,Jakobsen,7.59,7.25,0.3399999999999998,auralin,34u - 42u
Michael,Kristensen,8.51,8.08,0.4299999999999997,novodra,40u - 39u
Sousuke,Nakahara,7.91,7.49,0.4199999999999999,novodra,37u - 35u
Melisa,Mata,8.56,8.27,0.2900000000000009,novodra,57u - 57u
Kwasi,Mensa,8.29,7.89,0.3999999999999994,novodra,40u - 36u
Jaakko,Eskelinen,7.73,7.42,0.3100000000000005,auralin,39u - 45u
AbdulNur,Isa,7.98,7.53,0.4500000000000002,novodra,54u - 50u
Niels,Lange,7.58,7.21,0.3700000000000001,novodra,43u - 38u
Idalia,Moore,8.34,7.9,0.4399999999999995,auralin,25u - 31u
Abel,Yonatan,7.88,7.5,0.3799999999999999,novodra,38u - 39u
Kai,Cunha,7.81,7.42,0.3899999999999997,novodra,37u - 36u
Markus,Solberg,7.95,7.57,0.3799999999999999,novodra,35u - 30u
Bi,T,7.73,7.32,0.4100000000000001,novodra,41u - 40u
Sren,Frederiksen,7.71,7.31,0.4000000000000003,novodra,56u - 58u
Renzo,Lucchese,7.54,7.17,0.3700000000000001,auralin,53u - 64u
Finlay,Sheppard,7.51,7.17,0.3399999999999998,novodra,31u - 30u
Sofia,Karlsen,7.62,7.15,0.4699999999999997,novodra,35u - 29u
Flaviano,Endrizzi,7.93,7.56,0.3700000000000001,novodra,46u - 43u
Mi,Lng,7.74,7.32,0.4199999999999999,novodra,52u - 50u
Marius,Hansen,7.97,7.53,0.4399999999999995,auralin,41u - 47u
Suoma,Koivunen,7.59,7.13,0.4599999999999999,novodra,26u - 25u
Mevla,Grabljevec,7.72,7.44,0.2799999999999993,novodra,51u - 55u
Olof,Holm,7.85,7.43,0.4199999999999999,auralin,39u - 52u
Kari,Laatikainen,7.5,7.11,0.3899999999999997,auralin,39u - 43u
Sabr,Amari,7.94,7.57,0.3700000000000001,novodra,32u - 27u
Xiuxiu,Chang,7.64,7.23,0.4099999999999992,auralin,32u - 41u
Yasmin,Silva,8.88,8.46,0.4199999999999999,auralin,36u - 44u
Javier,Moquin,8.0,7.59,0.4100000000000001,novodra,30u - 32u
Burrell,Mathieu,8.71,8.39,0.3200000000000003,auralin,46u - 58u
Liisa,Seppl,7.87,7.51,0.3600000000000003,auralin,36u - 47u
Zikoranaudodimma,Chinedum,8.19,7.83,0.3599999999999994,auralin,41u - 51u
Habte,Kifle,7.59,7.13,0.4599999999999999,auralin,42u - 48u
Rafael,Costa,7.73,7.34,0.3900000000000005,auralin,50u - 60u
Mgbankwo,Afamefuna,7.55,7.18,0.3700000000000001,novodra,36u - 37u
Nate,Bowden,9.81,9.3,0.5099999999999998,novodra,48u - 47u
Marcel,Peters,9.56,9.19,0.370000000000001,auralin,48u - 60u
Jowita,Winiewska,7.5,7.08,0.4199999999999999,novodra,22u - 23u
Farizah,Sleiman,7.8,7.4,0.3999999999999994,novodra,50u - 50u
David,Gustafsson,7.72,7.28,0.4399999999999995,novodra,33u - 34u
Kaodilinakachukwu,Nnonso,7.76,7.4,0.3599999999999994,auralin,63u - 68u
Kamila,Pecinov,7.77,7.39,0.3799999999999999,novodra,54u - 51u
Sren,Srensen,7.93,7.59,0.3399999999999998,novodra,41u - 39u
Urso,Aranda,7.6,7.16,0.4399999999999995,auralin,30u - 38u
Vasco,Van De Wiel,7.94,7.51,0.4300000000000006,novodra,31u - 29u
Kwemtochukwu,Ogochukwu,7.86,7.53,0.33,novodra,34u - 37u
Rut,Halldrsdttir,9.01,8.63,0.379999999999999,auralin,31u - 40u
Joseph,Day,7.7,7.19,0.5099999999999998,auralin,29u - 36u
Ivona,Jaki,7.98,7.54,0.4400000000000004,novodra,41u - 41u
Giovana,Rocha,7.87,7.38,0.4900000000000002,novodra,23u - 21u
Barbora,Veseck,7.9,7.46,0.4400000000000004,auralin,29u - 45u
Jesse,Luoma,7.72,7.35,0.3700000000000001,novodra,39u - 37u
Johana,Hrd,7.79,7.49,0.2999999999999998,auralin,54u - 54u
Stephen,Mayberry,7.82,7.47,0.3500000000000005,novodra,40u - 39u
Nora,Nyborg,7.83,7.48,0.3499999999999996,auralin,55u - 59u
Nicoline,stergaard,7.84,7.57,0.2699999999999996,auralin,24u - 32u
Ruman,Bisliev,7.72,7.39,0.33,auralin,46u - 53u
HannaMari,Filatov,7.71,7.3,0.4100000000000001,auralin,55u - 61u
Krisztin,Bakos,7.75,7.29,0.4599999999999999,novodra,60u - 60u
Mustafa,Lindstrm,7.92,7.6,0.3200000000000003,novodra,35u - 33u
Muhammad,Holden,7.55,7.09,0.4599999999999999,auralin,29u - 37u
Manuela,Cindri,8.07,7.76,0.3100000000000005,auralin,55u - 66u
Nile,Mehari,9.25,8.79,0.4600000000000008,auralin,40u - 53u
Lewis,Webb,7.85,7.52,0.33,auralin,39u - 44u
Nicole,Zimmerman,8.98,8.57,0.4100000000000001,novodra,59u - 56u
Saidmohmad,Rushisvili,7.9,7.48,0.4199999999999999,novodra,49u - 46u
Russom,Amanuel,7.86,7.4,0.4599999999999999,novodra,39u - 36u
Chidalu,Onyekaozulu,7.54,7.27,0.2700000000000004,novodra,42u - 41u
Asuna,Morita,7.58,7.25,0.33,novodra,35u - 39u
Sandy,Gunnarsson,7.97,7.45,0.5199999999999996,novodra,41u - 44u
Yunadi,Barsukov,9.47,9.05,0.4199999999999999,auralin,48u - 58u
Harley,Tucker,7.97,7.64,0.33,auralin,47u - 57u
Rebecca,Priest,7.87,7.57,0.2999999999999998,auralin,40u - 42u
Helen,Luwam,7.66,7.19,0.4699999999999997,auralin,32u - 42u
Malik,Vaneker,7.55,7.12,0.4299999999999997,auralin,44u - 54u
Felicijan,Bubanj,7.85,7.5,0.3499999999999996,auralin,62u - 75u
Jeramy,Hopkins,8.02,7.67,0.3499999999999996,auralin,37u - 46u
Annie,Allen,9.95,9.58,0.3699999999999992,auralin,36u - 42u
Lamara,Dratchev,7.75,7.4,0.3499999999999996,auralin,49u - 58u
Nadwah,Naifeh,7.97,7.52,0.4500000000000002,auralin,44u - 53u
Benigna,Ferrari,7.78,7.36,0.4199999999999999,auralin,41u - 52u
Sun,Ko,7.59,7.23,0.3599999999999994,auralin,33u - 39u
Justyna,Kowalczyk,9.84,9.44,0.4000000000000003,auralin,24u - 34u
Malina,Balagi,7.65,7.3,0.3500000000000005,novodra,48u - 50u
Gabriele,Saenger,8.35,7.97,0.3799999999999999,auralin,22u - 30u
Mustafa,Adonay,7.79,7.34,0.4500000000000002,auralin,58u - 69u
Marina,Glockner,7.88,7.55,0.33,auralin,35u - 45u
Andr,Nordin,7.6,7.27,0.33,auralin,40u - 47u
Samuel,Blix,7.97,7.56,0.4100000000000001,auralin,48u - 55u
Kerman,Dandonneau,7.82,7.28,0.54,auralin,41u - 50u
Jan,Baum,7.57,7.19,0.3799999999999999,auralin,53u - 57u
Merci,Leroux,8.98,8.64,0.3399999999999998,auralin,27u - 33u
Kong,Lei,7.58,7.15,0.4299999999999997,novodra,32u - 30u
Kajsa,Eidem,7.77,7.34,0.4299999999999997,novodra,41u - 38u
Tegan,Johnson,7.79,7.43,0.3600000000000003,novodra,34u - 34u
Chn,Bi,7.53,7.18,0.3500000000000005,auralin,31u - 42u
Leah,Wong,7.79,7.42,0.3700000000000001,novodra,28u - 31u
Fraser,Hunter,7.7,7.42,0.2800000000000002,novodra,36u - 32u
Len,Reynoso,7.59,7.06,0.5300000000000002,novodra,38u - 40u
Bouke,Glaser,7.72,7.34,0.3799999999999999,novodra,26u - 30u
Mee,Chung,7.56,7.2,0.3599999999999994,auralin,42u - 56u
Martha,Afanasyeva,7.81,7.39,0.4199999999999999,novodra,34u - 41u
Monika,Lonar,9.13,8.72,0.4100000000000001,novodra,49u - 46u
Valur,Bjarkason,9.71,9.41,0.3000000000000007,novodra,31u - 36u
Svanhvt,Gujnsdttir,7.57,7.11,0.4599999999999999,auralin,37u - 44u
Eufrosina,Schiavone,9.0,8.56,0.4399999999999995,novodra,23u - 23u
Minea,Lindgren,9.45,8.94,0.5099999999999998,auralin,38u - 45u
Peter,Pospil,7.76,7.34,0.4199999999999999,auralin,51u - 60u
Angelico,Marchesi,7.62,7.18,0.4400000000000004,novodra,58u - 58u
Amalie,Christensen,7.88,7.55,0.33,auralin,38u - 45u
Novalie,Berg,7.85,7.49,0.3599999999999994,novodra,32u - 31u
Nicolas,Ferreira,7.99,7.72,0.2700000000000004,auralin,43u - 51u
Lena,Baer,7.7,7.4,0.2999999999999998,novodra,41u - 38u
Martina,Tomnkov,7.83,7.36,0.4699999999999997,novodra,50u - 57u
WillemJan,Van Der Lubbe,7.57,7.2,0.3700000000000001,novodra,40u - 40u
Maximus,Henzen,7.79,7.34,0.4500000000000002,auralin,49u - 55u
Najla,Touma,7.66,7.31,0.3500000000000005,novodra,39u - 44u
Emy,Markus,7.53,7.14,0.3900000000000005,novodra,29u - 24u
Jin,Kung,7.8,7.5,0.2999999999999998,auralin,55u - 60u
Katrine,Lynge,7.6,7.13,0.4699999999999997,novodra,43u - 42u
Kri,Hervinsson,8.09,7.66,0.4299999999999997,auralin,37u - 43u
Vanessa,Ferguson,7.97,7.58,0.3899999999999997,auralin,39u - 50u
Nng,V,7.68,7.29,0.3899999999999997,auralin,31u - 38u
Alexander,Hueber,7.71,7.35,0.3600000000000003,auralin,35u - 38u
Cecilie,Nilsen,9.63,9.21,0.4199999999999999,novodra,49u - 50u
Erick,Pinto,7.88,7.49,0.3899999999999997,auralin,44u - 54u
Adib,Ghanem,7.59,7.12,0.4699999999999997,novodra,46u - 49u
runn,Tryggvadttir,7.98,7.51,0.4700000000000006,novodra,30u - 32u
Taylah,Mobourne,7.9,7.51,0.3900000000000005,auralin,41u - 50u
Sirkka,Piirainen,8.9,8.59,0.3100000000000005,novodra,26u - 24u
Dit,Bi,9.11,8.76,0.3499999999999996,novodra,30u - 32u
Sinead,Reilly,7.76,7.39,0.3700000000000001,auralin,27u - 39u
Torben,Mortensen,7.8,7.4,0.3999999999999994,novodra,44u - 40u
Veronica,Bogolyubova,7.69,7.31,0.3800000000000008,auralin,25u - 35u
Anenechi,Chidi,7.64,7.31,0.33,auralin,52u - 61u
Cintia,Csorba,8.49,8.0,0.4900000000000002,auralin,47u - 50u
Lim,Phan,7.58,7.1,0.4800000000000004,novodra,43u - 48u
Daud,Batukayev,7.98,7.51,0.4700000000000006,novodra,37u - 30u
Erica,Macdonald,7.55,7.26,0.29,auralin,33u - 39u
Hawra,Tuma,7.93,7.56,0.3700000000000001,auralin,26u - 35u
Sandra,Taylor,7.84,7.49,0.3499999999999996,auralin,51u - 58u
Eric,Ek,7.92,7.47,0.4500000000000002,novodra,51u - 47u
Kisanet,Selassie,9.64,9.27,0.370000000000001,auralin,48u - 59u
Pamela,Hill,9.53,9.1,0.4299999999999997,novodra,27u - 29u
Arne,Jrgensen,9.65,9.31,0.3399999999999998,auralin,32u - 43u
Haylom,Nebay,7.62,7.22,0.4000000000000003,novodra,42u - 44u
Eemil,Laine,7.89,7.53,0.3599999999999994,novodra,30u - 29u
Hng,Lm,7.66,7.29,0.3700000000000001,auralin,40u - 49u
Manouck,Wubbels,7.66,7.4,0.2599999999999998,auralin,55u - 62u
Anja,Hueber,8.82,8.36,0.4600000000000008,novodra,31u - 32u
Linda,Lundy,7.97,7.52,0.4500000000000002,novodra,48u - 53u
Rocco,Christie,7.96,7.62,0.3399999999999998,novodra,42u - 40u
Elisabetta,Lorenzo,7.78,7.42,0.3600000000000003,novodra,28u - 24u
Fareeq,Kalb,7.97,7.59,0.3799999999999999,novodra,51u - 54u
Sargent,Flamand,7.92,7.49,0.4299999999999997,novodra,47u - 39u
Angel,Grant,7.93,7.47,0.4599999999999999,auralin,31u - 37u
Wu,Sung,7.61,7.12,0.4900000000000002,novodra,47u - 48u
Tom,Navrtil,7.84,7.41,0.4299999999999997,auralin,24u - 36u
Johanna,Dreher,7.77,7.34,0.4299999999999997,auralin,51u - 59u
Brianna,Lansell,9.48,9.06,0.4199999999999999,auralin,39u - 47u
Kang,Mai,7.78,7.45,0.33,novodra,39u - 36u
Chen,Yao,7.9,7.51,0.3900000000000005,novodra,56u - 57u
Aksel,Vestergaard,9.62,9.29,0.33,novodra,42u - 38u
Ellen,Luman,9.27,8.77,0.5,novodra,40u - 39u
Albino,Schiavone,7.56,7.15,0.4099999999999992,auralin,35u - 43u
Jose,Combs,7.89,7.42,0.4699999999999997,novodra,39u - 36u
Jia Li,Teng,7.66,7.32,0.3399999999999998,auralin,48u - 54u
Ilija,Horvat,7.77,7.38,0.3899999999999997,auralin,42u - 50u
Mathilde,Nrgaard,8.5,8.1,0.4000000000000003,novodra,27u - 28u
Csilla,Herczegh,7.71,7.27,0.4400000000000004,novodra,43u - 46u
Aaliyah,Rice,7.64,7.33,0.3099999999999996,novodra,31u - 31u
David,Beauvais,7.87,7.47,0.4000000000000003,novodra,26u - 23u
Caroline,Shuler,7.63,7.27,0.3600000000000003,novodra,50u - 54u
Alex,Crawford,7.69,7.3,0.3900000000000005,auralin,51u - 62u
Rebecca,Jephcott,7.96,7.57,0.3899999999999997,auralin,53u - 63u
Chukwumoge,Ogochukwu,7.95,7.56,0.3900000000000005,novodra,41u - 39u
Fearne,Mcgregor,7.83,7.48,0.3499999999999996,novodra,27u - 29u
Ursula,Freud,7.75,7.46,0.29,auralin,42u - 54u
Leon,Scholz,7.72,7.29,0.4299999999999997,novodra,38u - 32u
Yasmin,Araujo,7.82,7.36,0.4599999999999999,novodra,51u - 54u
Hiromu,Horikawa,7.77,7.28,0.4899999999999993,novodra,47u - 46u
Mika,Martinsson,7.5,7.17,0.33,auralin,34u - 43u
Leo,Vieira,7.74,7.36,0.3799999999999999,novodra,30u - 33u
Steven,Roy,7.87,7.43,0.4400000000000004,novodra,41u - 43u
Kate,Wilkinson,7.72,7.2,0.5199999999999996,auralin,36u - 39u
Naja,Enoksen,7.98,7.59,0.3900000000000005,auralin,43u - 50u
Albina,Zetticci,7.93,7.73,0.1999999999999993,auralin,45u - 51u
John,Teichelmann,7.9,7.58,0.3200000000000003,novodra,49u - 49u
Mathea,Lilleb,9.04,8.67,0.3699999999999992,auralin,23u - 36u
Vallie,Prince,7.64,7.28,0.3599999999999994,auralin,31u - 38u
Samel,Gubrandsson,8.0,7.64,0.3600000000000003,auralin,53u - 56u
Joka,Resanovi,7.56,7.22,0.3399999999999998,auralin,22u - 30u
Inunnguaq,Heilmann,7.85,7.45,0.3999999999999994,auralin,57u - 67u
Alwin,Svensson,7.78,7.34,0.4400000000000004,auralin,36u - 39u
Th,Lng,7.64,7.22,0.4199999999999999,novodra,61u - 64u
Amanda,Ribeiro,7.85,7.47,0.3799999999999999,auralin,36u - 44u
Meya,Sjberg,7.77,7.42,0.3499999999999996,novodra,42u - 42u
Sara,Miles,7.53,7.12,0.4100000000000001,auralin,30u - 35u
Frydryk,Adamski,7.75,7.27,0.4800000000000004,auralin,63u - 74u
Jane,Citizen,7.98,7.6,0.3800000000000008,novodra,37u - 38u
Angela,Lavrentyev,7.61,7.14,0.4700000000000006,novodra,28u - 24u
Edelma,Villalpando,7.99,7.56,0.4300000000000006,novodra,24u - 26u
Gabriela,Michalkov,8.37,7.97,0.3999999999999994,auralin,26u - 36u
Annika,Vaara,7.73,7.34,0.3900000000000005,novodra,20u - 21u
Bernarda,Cindri,7.89,7.55,0.3399999999999998,auralin,40u - 49u
Chiho,Higa,7.71,7.3,0.4100000000000001,novodra,46u - 46u
Dani,Antoun,7.73,7.34,0.3900000000000005,auralin,36u - 44u
Mijael,Guerra,7.85,7.46,0.3899999999999997,auralin,37u - 47u
Emma,Barlow,7.85,7.39,0.4599999999999999,auralin,48u - 57u
Flavia,Fiorentino,7.95,7.6,0.3500000000000005,auralin,46u - 57u
Noe,Aranda,7.51,7.17,0.3399999999999998,auralin,26u - 34u
Seweryna,Czerwinska,7.66,7.3,0.3600000000000003,auralin,39u - 46u
David,Villadsen,7.86,7.4,0.4599999999999999,auralin,26u - 39u
Beatrycze,Woniak,7.54,7.17,0.3700000000000001,novodra,26u - 27u
Miosaw,Winiewski,7.51,7.08,0.4299999999999997,novodra,34u - 33u
La,Hrafnsdttir,7.6,7.09,0.5099999999999998,auralin,22u - 31u
Siebrigje,Koldenhof,7.9,7.59,0.3100000000000005,auralin,30u - 38u
Firenze,Fodor,7.89,7.55,0.3399999999999998,novodra,30u - 35u
Zoe,Wellish,7.71,7.3,0.4100000000000001,novodra,33u - 33u
Una,Traustadttir,8.0,7.5,0.5,novodra,35u - 34u
Lubo,Pecha,7.79,7.45,0.3399999999999998,novodra,30u - 27u
Trifon,Izmailov,7.68,7.28,0.3999999999999994,auralin,58u - 63u
Galit,Casrez,7.91,7.56,0.3500000000000005,auralin,27u - 37u
Kifle,Mustafa,7.8,7.41,0.3899999999999997,auralin,42u - 50u
Meaza,Brhane,7.7,7.36,0.3399999999999998,novodra,37u - 41u
Adlan,Shishani,7.84,7.37,0.4699999999999997,novodra,43u - 40u
Alvin,Jackson,7.62,7.23,0.3899999999999997,auralin,38u - 43u
Chibuzo,Okoli,7.64,7.29,0.3499999999999996,auralin,28u - 33u
Sofia,Hermansen,8.9,8.57,0.33,novodra,34u - 34u
Guni,Heimisson,7.64,7.24,0.3999999999999994,novodra,40u - 36u
Maryam,Dratchev,9.91,9.46,0.4499999999999993,auralin,37u - 45u
Eufemio,Rosario,7.54,7.26,0.2800000000000002,novodra,37u - 40u
Dalmacia,Madrid,7.67,7.21,0.4599999999999999,novodra,26u - 23u
Daimy,Tromp,9.41,8.94,0.4700000000000006,novodra,40u - 45u
Hans Peter,Radislav,7.6,7.2,0.3999999999999994,auralin,42u - 53u
Jeremy,Montagu,7.68,7.36,0.3199999999999994,novodra,52u - 52u
tefanija,Novosel,7.64,7.17,0.4699999999999997,auralin,37u - 42u
Anja,Mueller,7.58,7.29,0.29,auralin,43u - 56u
Regolo,Nucci,7.53,7.02,0.5100000000000007,auralin,51u - 59u
Nebechi,Ekechukwu,7.78,7.39,0.3900000000000005,novodra,37u - 39u
Satsita,Batukayev,7.63,7.25,0.3799999999999999,novodra,42u - 42u
Timothy,Cotton,7.92,7.52,0.4000000000000003,novodra,26u - 25u
Bjrnar,Nilsen,7.99,7.7,0.29,novodra,36u - 33u
Vivien,Zsink,8.35,7.92,0.4299999999999997,auralin,30u - 38u
Genet,Fesahaye,7.73,7.36,0.3700000000000001,auralin,25u - 35u
Borna,lezinger,7.55,7.18,0.3700000000000001,novodra,42u - 41u
Mary,Adams,7.65,7.26,0.3900000000000005,novodra,32u - 33u
Blanka,Jurkovi,7.77,7.33,0.4399999999999995,auralin,31u - 43u
Joseph,Tucker,7.67,7.3,0.3700000000000001,auralin,48u - 56u
Christopher,Woodward,7.51,7.06,0.4500000000000002,novodra,55u - 51u
Robert,Maslov,7.65,7.35,0.3000000000000007,auralin,55u - 68u
Maret,Sultygov,7.67,7.3,0.3700000000000001,novodra,26u - 23u
Ella,Lund,7.57,7.21,0.3600000000000003,auralin,38u - 47u
Fakhri,Fakhoury,7.83,7.39,0.4400000000000004,auralin,39u - 50u
arka,Rap,7.54,7.15,0.3899999999999997,auralin,35u - 48u
Lixue,Hsueh,9.21,8.8,0.4100000000000001,novodra,22u - 23u
Rovzan,Kishiev,7.75,7.41,0.3399999999999998,auralin,32u - 37u
Jakob,Jakobsen,7.96,7.51,0.4500000000000002,novodra,28u - 26u
Bernd,Schneider,7.74,7.44,0.2999999999999998,auralin,48u - 56u
Berta,Napolitani,7.68,7.21,0.4699999999999997,novodra,42u - 44u
Armina,Sauv,7.86,7.4,0.4599999999999999,auralin,36u - 46u
