first_name,last_name,adverse_reaction
Berta,Napolitani,Injection Site Discomfort
Lena,Baer,Hypoglycemia
Joseph,Day,Hypoglycemia
Flavia,Fiorentino,Cough
Manouck,Wubbels,Throat Irritation
Jasmine,Sykes,Hypoglycemia
Louise,Johnson,Hypoglycemia
Albinca,Komavec,Hypoglycemia
Noe,Aranda,Hypoglycemia
Sofia,Hermansen,Injection Site Discomfort
Tegan,Johnson,Headache
Abel,Yonatan,Cough
AbdulNur,Isa,Hypoglycemia
Leon,Scholz,Injection Site Discomfort
Gabriele,Saenger,Hypoglycemia
Jia Li,Teng,Nausea
Jakob,Jakobsen,Hypoglycemia
Christopher,Woodward,Nausea
Ole,Petersen,Hypoglycemia
Finley,Chandler,Headache
Anenechi,Chidi,Hypoglycemia
Miosaw,Winiewski,Injection Site Discomfort
Lixue,Hsueh,Injection Site Discomfort
Merci,Leroux,Hypoglycemia
Kang,Mai,Injection Site Discomfort
Elliot,Richardson,Hypoglycemia
Clinton,Miller,Throat Irritation
Idalia,Moore,Hypoglycemia
Xiuxiu,Chang,Hypoglycemia
Alex,Crawford,Hypoglycemia
Monika,Lonar,Hypoglycemia
Steven,Roy,Headache
Cecilie,Nilsen,Hypoglycemia
Krisztina,Magyar,Hypoglycemia
