first_name,last_name_x,hba1c_start,hba1c_end,hba1c_change,medicine_name,trial_dosage,patient_id,gender,last_name_y,city,state,zip_code,country,birthdate,height,weight,bmi,street_no,street_name,phone_num,email_id,last_name,adverse_reaction
Elliot,Richardson,7.56,7.09,0.4699999999999997,novodra,40u - 45u,94,Male,Richardson,Sunrise,FL,33323.0,United States,1973-01-14,168.1,71,23.4,4230.0,Ridenour Street,786-234-0038,ElliotRichardson@teleworm.us,Richardson,Hypoglycemia
Jasmine,Sykes,7.56,7.18,0.3799999999999999,novodra,42u - 44u,490,Female,Sykes,Lafayette,CA,94549.0,United States,1988-12-01,187.2,63,33.2,2607.0,Water Street,925-283-5425,JasmineSykes@jourrapide.com,Sykes,Hypoglycemia
Joseph,Day,7.7,7.19,0.5099999999999998,auralin,29u - 36u,28,Male,Tucker,Venice,LA,70091.0,United States,1959-04-10,175.8,72,23.8,4982.0,Wood Street,985-814-7603,JosephNTucker@rhyta.com,Day,Hypoglycemia
Joseph,Day,7.7,7.19,0.5099999999999998,auralin,29u - 36u,70,Male,Day,Lombard,IL,60148.0,United States,1986-02-23,150.6,68,22.9,1821.0,Virginia Street,+1 (773) 615-9328,JosephMDay@teleworm.us,Day,Hypoglycemia
Joseph,Day,7.7,7.19,0.5099999999999998,auralin,29u - 36u,28,Male,Tucker,Venice,LA,70091.0,United States,1959-04-10,175.8,72,23.8,4982.0,Wood Street,985-814-7603,JosephNTucker@rhyta.com,Day,Hypoglycemia
Joseph,Day,7.7,7.19,0.5099999999999998,auralin,29u - 36u,70,Male,Day,Lombard,IL,60148.0,United States,1986-02-23,150.6,68,22.9,1821.0,Virginia Street,+1 (773) 615-9328,JosephMDay@teleworm.us,Day,Hypoglycemia
Joseph,Tucker,7.67,7.3,0.3700000000000001,auralin,48u - 56u,28,Male,Tucker,Venice,LA,70091.0,United States,1959-04-10,175.8,72,23.8,4982.0,Wood Street,985-814-7603,JosephNTucker@rhyta.com,Day,Hypoglycemia
Joseph,Tucker,7.67,7.3,0.3700000000000001,auralin,48u - 56u,70,Male,Day,Lombard,IL,60148.0,United States,1986-02-23,150.6,68,22.9,1821.0,Virginia Street,+1 (773) 615-9328,JosephMDay@teleworm.us,Day,Hypoglycemia
Clinton,Miller,7.79,7.4,0.3899999999999997,auralin,42u - 51u,451,Male,Miller,Roslyn,NY,11576.0,United States,1985-08-16,195.4,74,25.1,901.0,Southern Street,516-626-8021,ClintonKMiller@rhyta.com,Miller,Throat Irritation
Krisztina,Magyar,7.52,7.01,0.5099999999999998,novodra,32u - 27u,254,Female,Magyar,Orlando,FL,32810.0,United States,1950-05-03,117.0,64,20.1,3820.0,Terry Lane,321-287-0484,MagyarKrisztina@superrito.com,Magyar,Hypoglycemia
Albinca,Komavec,7.89,7.46,0.4299999999999997,novodra,41u - 39u,38,Female,Komavec,Huron,SD,57350.0,United States,1986-06-05,189.9,66,30.6,1257.0,Elsie Drive,+1 (605) 204-6572,AlbincaKomavec@rhyta.com,Komavec,Hypoglycemia
Louise,Johnson,7.63,7.32,0.3099999999999996,auralin,32u - 42u,55,Female,Johnson,Burlington,MA,1803.0,United States,1931-03-01,141.0,62,25.8,4984.0,Hampton Meadows,978-407-1874,LouiseJohnson@rhyta.com,Johnson,Hypoglycemia
Ole,Petersen,7.95,7.55,0.4000000000000003,novodra,29u - 32u,354,Male,Petersen,Dudley,GA,31022.0,United States,1931-07-14,136.8,69,20.2,3650.0,Graystone Lakes,478-676-7058,OlePetersen@armyspy.com,Petersen,Hypoglycemia
Finley,Chandler,7.65,7.26,0.3900000000000005,auralin,31u - 45u,143,Male,Chandler,New York,NY,10001.0,United States,1936-10-25,150.9,70,21.6,2754.0,Westwood Avenue,516-740-5280,FinleyChandler@dayrep.com,Chandler,Headache
AbdulNur,Isa,7.98,7.53,0.4500000000000002,novodra,54u - 50u,12,Male,Isa,Brentwood,TN,37027.0,United States,1954-02-03,238.7,73,31.5,1092.0,Farm Meadow Drive,1 931 207 0839,Abdul-NurMummarIsa@rhyta.com,Isa,Hypoglycemia
Idalia,Moore,8.34,7.9,0.4399999999999995,auralin,25u - 31u,460,Female,Moore,San Diego,CA,92073.0,United States,1993-10-26,102.1,61,19.3,4380.0,Grim Avenue,619-710-6286,IdaliaEMoore@cuvox.de,Moore,Hypoglycemia
Abel,Yonatan,7.88,7.5,0.3799999999999999,novodra,38u - 39u,259,Male,Yonatan,Burbank,CA,91502.0,United States,1952-04-29,137.9,66,22.3,2621.0,Koontz Lane,1 818 841 7660,AbelYonatan@teleworm.us,Yonatan,Cough
Abel,Yonatan,7.88,7.5,0.3799999999999999,novodra,38u - 39u,333,Male,Efrem,Old Hickory,TN,37138.0,United States,1971-02-15,224.0,67,35.1,2333.0,Hidden Pond Road,1 615 755 8235,AbelEfrem@fleckens.hu,Yonatan,Cough
Sofia,Karlsen,7.62,7.15,0.4699999999999997,novodra,35u - 29u,21,Female,Karlsen,Whitman,MA,2382.0,United States,1934-09-24,153.1,66,24.7,2931.0,Romano Street,1 781 447 1763,SofiaTKarlsen@teleworm.us,Hermansen,Injection Site Discomfort
Sofia,Karlsen,7.62,7.15,0.4699999999999997,novodra,35u - 29u,376,Female,Hermansen,Houma,LA,70360.0,United States,1957-02-27,186.8,65,31.1,2272.0,Woodland Avenue,985-580-4827,SofiaBHermansen@rhyta.com,Hermansen,Injection Site Discomfort
Sofia,Hermansen,8.9,8.57,0.33,novodra,34u - 34u,21,Female,Karlsen,Whitman,MA,2382.0,United States,1934-09-24,153.1,66,24.7,2931.0,Romano Street,1 781 447 1763,SofiaTKarlsen@teleworm.us,Hermansen,Injection Site Discomfort
Sofia,Hermansen,8.9,8.57,0.33,novodra,34u - 34u,376,Female,Hermansen,Houma,LA,70360.0,United States,1957-02-27,186.8,65,31.1,2272.0,Woodland Avenue,985-580-4827,SofiaBHermansen@rhyta.com,Hermansen,Injection Site Discomfort
Xiuxiu,Chang,7.64,7.23,0.4099999999999992,auralin,32u - 41u,8,Female,Chang,Morgan Hill,CA,95037.0,United States,1958-08-13,158.0,60,30.9,2687.0,Black Oak Hollow Road,1 408 778 3236,XiuxiuChang@einrot.com,Chang,Hypoglycemia
Xiuxiu,Chang,7.64,7.23,0.4099999999999992,auralin,32u - 41u,418,Female,Yuan,Redmond,WA,98052.0,United States,1943-03-08,150.0,66,24.2,4277.0,Mutton Town Road,360-689-4989,XiuxiuYuan@superrito.com,Chang,Hypoglycemia
Gabriele,Saenger,8.35,7.97,0.3799999999999999,auralin,22u - 30u,209,Female,Saenger,Arlington,TX,76011.0,United States,1973-08-26,121.2,68,18.4,3499.0,Baker Avenue,+1 (817) 909-5667,GabrieleSaenger@armyspy.com,Saenger,Hypoglycemia
Merci,Leroux,8.98,8.64,0.3399999999999998,auralin,27u - 33u,360,Female,Leroux,Copperas Cove,TX,76552.0,United States,1955-06-08,132.2,65,22.0,4519.0,Sussex Court,254-518-6365,MerciLeroux@jourrapide.com,Leroux,Hypoglycemia
Tegan,Johnson,7.79,7.43,0.3600000000000003,novodra,34u - 34u,408,Female,Johnson,Oklahoma City,OK,73107.0,United States,1928-01-19,156.6,65,26.1,2636.0,Benson Park Drive,405-470-5088,TeganJohnson@gustr.com,Johnson,Headache
Monika,Lonar,9.13,8.72,0.4100000000000001,novodra,49u - 46u,178,Female,Lonar,Los Angeles,CA,90014.0,United States,1927-07-19,203.7,63,36.1,377.0,Norman Street,323-327-4721,MonikaLoncar@rhyta.com,Lonar,Hypoglycemia
Lena,Baer,7.7,7.4,0.2999999999999998,novodra,41u - 38u,128,Female,Baer,Elma,WA,98541.0,United States,1977-11-10,170.7,61,32.2,272.0,Boone Crockett Lane,360-482-2553,LenaBaer@rhyta.com,Baer,Hypoglycemia
Cecilie,Nilsen,9.63,9.21,0.4199999999999999,novodra,49u - 50u,249,Female,Nilsen,North Loup,NE,68859.0,United States,1950-01-12,181.3,64,31.1,1854.0,Kyle Street,308-496-7837,CecilieNilsen@superrito.com,Nilsen,Hypoglycemia
Anenechi,Chidi,7.64,7.31,0.33,auralin,52u - 61u,14,Female,Chidi,Birmingham,AL,35203.0,United States,1961-03-07,228.4,67,35.8,826.0,Broad Street,+1 (205) 417-8095,AnenechiChidi@armyspy.com,Chidi,Hypoglycemia
Manouck,Wubbels,7.66,7.4,0.2599999999999998,auralin,55u - 62u,403,Female,Wubbels,Utica,MS,39175.0,United States,1964-11-03,201.5,65,33.5,4789.0,Devils Hill Road,601-885-6550,ManouckWubbels@armyspy.com,Wubbels,Throat Irritation
Kang,Mai,7.78,7.45,0.33,novodra,39u - 36u,255,Male,Mai,Pittsburgh,PA,15205.0,United States,1986-09-16,200.4,70,28.8,1109.0,Beechwood Drive,412-274-6756,KangMai@jourrapide.com,Mai,Injection Site Discomfort
Jia Li,Teng,7.66,7.32,0.3399999999999998,auralin,48u - 54u,452,Female,Teng,Upland,CA,91786.0,United States,1928-12-07,202.2,66,32.6,1251.0,Clarence Court,1 909 982 4264,JiaLiTeng@fleckens.hu,Teng,Nausea
Alex,Crawford,7.69,7.3,0.3900000000000005,auralin,51u - 62u,277,Male,Crawford,Hope,ID,83836.0,United States,1924-07-07,223.1,70,32.0,373.0,Fantages Way,+1 (208) 264-9063,AlexCrawford@dayrep.com,Crawford,Hypoglycemia
Leon,Scholz,7.72,7.29,0.4299999999999997,novodra,38u - 32u,332,Male,Scholz,Irvine,CA,92618.0,United States,1989-09-14,150.9,70,21.6,3106.0,Evergreen Lane,1 323 635 9919,LeonScholz@fleckens.hu,Scholz,Injection Site Discomfort
Steven,Roy,7.87,7.43,0.4400000000000004,novodra,41u - 43u,394,Male,Roy,Reston,VA,22070.0,United States,1975-09-19,162.4,72,22.0,2816.0,Ashford Drive,1 703 716 8652,StevenBRoy@rhyta.com,Roy,Headache
Flavia,Fiorentino,7.95,7.6,0.3500000000000005,auralin,46u - 57u,270,Female,Fiorentino,,,,,1937-10-09,175.2,61,33.1,,,,,Fiorentino,Cough
Noe,Aranda,7.51,7.17,0.3399999999999998,auralin,26u - 34u,52,Female,Aranda,Davenport,IL,52801.0,United States,1938-08-07,107.1,63,19.0,3977.0,Jail Drive,1 309 912 9553,NoeArandaGranado@dayrep.com,Aranda,Hypoglycemia
Miosaw,Winiewski,7.51,7.08,0.4299999999999997,novodra,34u - 33u,373,Male,Winiewski,Collinsville,IL,62234.0,United States,1979-11-13,149.2,68,22.7,796.0,Eagle Street,618-346-3914,MiloslawWisniewski@rhyta.com,Winiewski,Injection Site Discomfort
Christopher,Woodward,7.51,7.06,0.4500000000000002,novodra,55u - 51u,153,Male,Woodward,New York,NY,10004.0,United States,1984-09-04,212.2,66,34.2,3450.0,Southern Street,+1 (516) 630-5900,ChristopherWoodward@jourrapide.com,Woodward,Nausea
Lixue,Hsueh,9.21,8.8,0.4100000000000001,novodra,22u - 23u,336,Female,Hsueh,Crawfordsville,IN,47933.0,United States,1925-03-29,102.7,59,20.7,1540.0,Overlook Drive,765-359-0147,LixueHsueh@dayrep.com,Hsueh,Injection Site Discomfort
Jakob,Jakobsen,7.96,7.51,0.4500000000000002,novodra,28u - 26u,25,Male,Jakobsen,Port Jervis,NY,12771.0,United States,1985-08-01,155.8,67,24.4,648.0,Old Dear Lane,+1 (845) 858-7707,JakobCJakobsen@einrot.com,Jakobsen,Hypoglycemia
Berta,Napolitani,7.68,7.21,0.4699999999999997,novodra,42u - 44u,477,Female,Napolitani,Philadelphia,PA,19108.0,United States,1958-12-02,153.3,63,27.2,1815.0,Garrett Street,267-972-3749,BertaNapolitani@rhyta.com,Napolitani,Injection Site Discomfort
